arm,brain,control,navigation,latencyMs,seed,runId,simSeconds,decisions,accuracy,damage_dealt_per_minute,damage_taken_per_minute,deaths_per_minute,decisions_per_minute,distance_m,exposure_fraction,kills_per_minute
skirmisher-precision,script,precision,places,,42,controller-ablation-v1-2026-09-29T17-13-48-958Z-skirmisher-precision-s42,120.08,516,0.6451612903225806,1077.5034992337332,59.974024244039136,0.49953376848275144,257.75942453709973,107.43555870158437,0.16115101163541018,8.492074064206774
skirmisher-precision,script,precision,places,,43,controller-ablation-v1-2026-09-29T17-13-48-958Z-skirmisher-precision-s43,120.25,503,0.5217391304347826,979.138635300184,61.97899687980343,0.49896547824178583,250.48067007737654,74.00150499828668,0.3195608368630708,6.9855166953850025
skirmisher-precision,script,precision,places,,44,controller-ablation-v1-2026-09-29T17-13-48-958Z-skirmisher-precision-s44,120.11,506,0.6271186440677966,1748.950256077922,53.38142880030172,0.49944145796950773,252.71737773257087,238.4492648722867,0.3335799715845141,11.487153533298677
skirmisher-degraded,script,precision,places,,42,controller-ablation-v1-2026-09-29T17-13-48-958Z-skirmisher-degraded-s42,120.02,504,0.6666666666666666,1408.1348560566669,106.90260651111338,0.49977843156200735,251.88832950725168,112.98548033368479,0.2882755707228864,9.49579019967814
skirmisher-degraded,script,precision,places,,43,controller-ablation-v1-2026-09-29T17-13-48-958Z-skirmisher-degraded-s43,120.15,483,0.6388888888888888,880.9324902387443,177.21360104551917,0.9984922766622435,241.13588481393182,218.43176637771043,0.19591941173909697,6.490199798304583
skirmisher-degraded,script,precision,places,,44,controller-ablation-v1-2026-09-29T17-13-48-958Z-skirmisher-degraded-s44,120.09,487,0.4647887323943662,1274.5330216493396,163.5530940377336,0.9991340837940453,243.28914940385002,260.80530056611053,0.39508511250722106,9.491773796043429
skirmisher-direct,script,direct,places,,42,controller-ablation-v1-2026-09-29T17-13-48-958Z-skirmisher-direct-s42,120.09,462,0.03864734299516908,379.58326016808695,187.50976823242524,1.498481538707468,230.76615696095004,165.83565351545724,0.35915945795292653,1.9979753849432902
skirmisher-direct,script,direct,places,,43,controller-ablation-v1-2026-09-29T17-13-48-958Z-skirmisher-direct-s43,120.11,525,0.015384615384615385,208.839918447056,33.43801784472105,0,262.19214272575175,119.0113644063234,0.9049480889665705,0.4994136051919082
skirmisher-direct,script,direct,places,,44,controller-ablation-v1-2026-09-29T17-13-48-958Z-skirmisher-direct-s44,120.02,533,0,0,0,0,266.4225154517596,71.6955672078775,0.19121678792239963,0
random-precision,random,precision,places,,42,controller-ablation-v1-2026-09-29T17-13-48-958Z-random-precision-s42,120.14,509,0,0,87.66347870102418,0.4993716240397512,254.18015663623333,306.3899660339609,0.46353273978526044,0
random-precision,random,precision,places,,43,controller-ablation-v1-2026-09-29T17-13-48-958Z-random-precision-s43,120.06,510,0.01639344262295082,24.134131808335933,159.13602405738436,0.4996714660110959,254.83244766565892,284.8211821109337,0.7765190212103503,0
random-precision,random,precision,places,,44,controller-ablation-v1-2026-09-29T17-13-48-958Z-random-precision-s44,120.09,531,0.037037037037037035,39.12017086971177,30.010012386402455,0,265.29771049574646,321.9243358362276,0.7823646149707884,0
random-degraded,random,precision,places,,42,controller-ablation-v1-2026-09-29T17-13-48-958Z-random-degraded-s42,120.25,534,0,0,0,0,266.41942766388905,315.2208888746856,0.43107036690572675,0
random-degraded,random,precision,places,,43,controller-ablation-v1-2026-09-29T17-13-48-958Z-random-degraded-s43,120.13,493,0.01694915254237288,36.561389043808816,183.29865493880726,0.9987607044259432,246.19451364099504,278.11901263116476,0.6947971267889477,0
random-degraded,random,precision,places,,44,controller-ablation-v1-2026-09-29T17-13-48-958Z-random-degraded-s44,120.09,539,0.05263157894736842,60.99424155394176,102.70650026579972,0,269.3022872374574,318.50253096585215,0.3168467299649932,0
random-direct,random,direct,places,,42,controller-ablation-v1-2026-09-29T17-13-48-958Z-random-direct-s42,120.19,524,0,0,90.42825884069603,0.49913483295621053,261.54665246905427,301.8160498138898,0.09531629035268675,0
random-direct,random,direct,places,,43,controller-ablation-v1-2026-09-29T17-13-48-958Z-random-direct-s43,120.21,503,0,0,178.4254407653583,0.9981276788291265,251.02911122552536,301.4485742299779,0.5200470307314722,0
random-direct,random,direct,places,,44,controller-ablation-v1-2026-09-29T17-13-48-958Z-random-direct-s44,120.11,509,0,0,118.02938507908829,0.4994984203362455,254.2446959511489,289.8417418413323,0.9713446295497038,0
