arm,brain,control,navigation,latencyMs,seed,runId,simSeconds,decisions,accuracy,damage_dealt_per_minute,damage_taken_per_minute,deaths_per_minute,decision_latency_ms,decisions_per_minute,distance_m,exposure_fraction,harmful_rate,kills_per_minute,stale_rejection_rate,success_rate,world_changed_rate
jev,jev,precision,places,,42,glide-jev-even-v1-2026-10-05T21-16-22-737Z-jev-s42,120.16,507,0.3333333333333333,235.95352583699704,15.94087545558327,0,186.66370808678522,253.08767799127781,326.47653362247087,0.2748934386136406,0,1.4975602248004605,0.08481262327416174,0.6285714285714286,0.0611439842209073
jev,jev,precision,places,,43,glide-jev-even-v1-2026-10-05T21-16-22-737Z-jev-s43,120.21,498,0.4,91.94168744672733,15.89373717209433,0,200.61084337349413,248.5606690175126,370.20978277300867,0.2402589733225116,0,0.49911780927211374,0.14056224899598393,0.13333333333333333,0.05421686746987952
jev,jev,precision,places,,44,glide-jev-even-v1-2026-10-05T21-16-22-737Z-jev-s44,120.07,489,0.4,92.6791906578249,0,0,210.11288343558277,244.25676097552895,298.92267508942524,0.11668799844112981,0,0.4995025786820633,0.1083844580777096,0.5714285714285714,0.0081799591002045
jev,jev,precision,places,,45,glide-jev-even-v1-2026-10-05T21-16-22-737Z-jev-s45,120.21,469,,0,76.00666283202239,0.49889245874158233,211.51833688699344,233.48167069106054,337.94143151859373,0.27455000546394914,0,0,0.10042735042735043,0,0.004273504273504274
jev,jev,precision,places,,46,glide-jev-even-v1-2026-10-05T21-16-22-737Z-jev-s46,120.12,476,0.43478260869565216,232.18307496712816,42.08974674421745,0,220.18718487394972,237.72344838837165,288.3120670828818,0.2107943770406501,0,1.9976760368770727,0.11134453781512606,0.9473684210526315,0.04201680672268908
jev,jev,precision,places,,47,glide-jev-even-v1-2026-10-05T21-16-22-737Z-jev-s47,120.19,484,,0,0,0,217.30599173553733,241.58346983409035,349.5687390470926,0.1791926222927081,0,0,0.11363636363636363,0,0.012396694214876033
jev,jev,precision,places,,48,glide-jev-even-v1-2026-10-05T21-16-22-737Z-jev-s48,120.09,451,0.5,178.61399768007766,67.9122993237614,0.49947014542073476,218.44057649667414,225.2610355847514,255.5282601489479,0.40599945786461517,0,0.9989402908414695,0.05543237250554324,0.6129032258064516,0.04434589800443459
jev,jev,precision,places,,49,glide-jev-even-v1-2026-10-05T21-16-22-737Z-jev-s49,120.22,463,0.3888888888888889,175.27454628467743,0,0,231.02742980561584,231.03446555192104,336.09282739624774,0.12538249445853994,0,1.4969835780902012,0.14254859611231102,0.6923076923076923,0.047516198704103674
jev,jev,precision,places,,50,glide-jev-even-v1-2026-10-05T21-16-22-737Z-jev-s50,120.02,450,0.48,436.29303807690684,74.80424580374276,0.49979216975607565,219.9413333333332,224.90647639023402,252.62619035157832,0.2621222774905983,0.06976744186046512,2.9987530185364535,0.11555555555555555,0.5813953488372093,0.07777777777777778
jev,jev,precision,places,,51,glide-jev-even-v1-2026-10-05T21-16-22-737Z-jev-s51,120.03,458,0.6111111111111112,512.1314212375815,128.51620432099452,0.499819648410204,219.77794759825338,228.91739897187344,264.65848587618973,0.3315663978595169,0,3.998557187281632,0.11572052401746726,1,0.05895196506550218
glide,glide,precision,places,,42,glide-jev-even-v1-2026-10-05T21-16-22-737Z-glide-s42,120.01,65,0.7777777777777778,170.26338060403623,42.30055800907855,0,1109.0199999999998,32.48884549637942,87.94055355039937,0.3794605518771806,0,1.4994851767559734,0.2153846153846154,1,0.2153846153846154
glide,glide,precision,places,,43,glide-jev-even-v1-2026-10-05T21-16-22-737Z-glide-s43,120.21,85,0.6666666666666666,41.25606080362663,63.281287426513344,0.4990464054935157,1312.3282352941178,42.41894446694884,95.08234628964043,0.22538532929715435,0,0,0.2,0.6666666666666666,0.11764705882352941
glide,glide,precision,places,,44,glide-jev-even-v1-2026-10-05T21-16-22-737Z-glide-s44,120.26,115,1,271.7726964712583,109.01899761970292,0.4987203666592282,973.3634782608697,56.85412179915201,198.4079163592955,0.35691264224256014,0.1111111111111111,1.4961610999776846,0.09649122807017543,0.7777777777777778,0.16666666666666666
glide,glide,precision,places,,45,glide-jev-even-v1-2026-10-05T21-16-22-737Z-glide-s45,120.06,103,1,266.28582771116686,83.10902939878933,0.49955123647256616,1062.6854368932036,51.45377735667432,137.42658001134595,0.35918537229212233,0.5714285714285714,1.4986537094176986,0.21359223300970873,0.42857142857142855,0.06796116504854369
glide,glide,precision,places,,46,glide-jev-even-v1-2026-10-05T21-16-22-737Z-glide-s46,120.15,92,0.875,263.0571100480462,125.79966403502472,0.4992050160120028,1217.3391304347826,45.427656457092255,103.80023446357866,0.5345313640898169,0,1.9968200640480112,0.21739130434782608,1,0.18478260869565216
glide,glide,precision,places,,47,glide-jev-even-v1-2026-10-05T21-16-22-737Z-glide-s47,120.17,108,0.6785714285714286,487.1610685958776,84.89911407547422,0.4991240373145119,1043.8694444444448,53.90539602996728,105.10083604236956,0.7094134348225267,0.125,3.992992298516095,0.21296296296296297,0.625,0.3611111111111111
glide,glide,precision,places,,48,glide-jev-even-v1-2026-10-05T21-16-22-737Z-glide-s48,120.14,105,1,55.8503450651804,82.58698732647082,0.4993304810466618,1068.524761904762,52.42970050989949,95.4332735152543,0.3980781565857172,1,0.4993304810466618,0.1523809523809524,0,0.047619047619047616
glide,glide,precision,places,,49,glide-jev-even-v1-2026-10-05T21-16-22-737Z-glide-s49,120.04,95,0.7857142857142857,545.4777256004448,122.9128577707999,0,1235.2273684210525,47.46210941598371,58.809137075811606,0.7570831560479588,0,3.4972080622303783,0.16842105263157894,0.95,0.4842105263157895
glide,glide,precision,places,,50,glide-jev-even-v1-2026-10-05T21-16-22-737Z-glide-s50,120.16,99,0.9047619047619048,427.6525241698099,165.6678882818501,0.9983278009334556,1070.3797979797982,49.41722614620605,113.51120969400321,0.4173378903982447,0.09523809523809523,2.9949834028003663,0.1919191919191919,0.8571428571428571,0.30303030303030304
glide,glide,precision,places,,51,glide-jev-even-v1-2026-10-05T21-16-22-737Z-glide-s51,120.22,95,1,109.71261323440243,184.12484590694248,0.998164209657745,1120.8315789473684,47.41279995874288,124.0812376822698,0.2950623824150002,0,0.998164209657745,0.18947368421052632,1,0.09473684210526316
marksman,script,precision,places,,42,glide-jev-even-v1-2026-10-05T21-16-22-737Z-marksman-s42,120.11,527,0.5555555555555556,2092.9844103872465,7.5906887551267035,0,17.2618595825427,263.17716933893246,0,0.36340308690768003,0,13.483460288711909,0,1,0
marksman,script,precision,places,,43,glide-jev-even-v1-2026-10-05T21-16-22-737Z-marksman-s43,120.14,526,0.48484848484848486,2245.3198506084373,33.82215053618515,0,16.77053231939164,262.613957482506,0,0.46958911223143407,0,14.478716287058315,0,0.9609375,0
marksman,script,precision,places,,44,glide-jev-even-v1-2026-10-05T21-16-22-737Z-marksman-s44,120.05,525,0.4166666666666667,1271.4017904205332,23.458787105649943,0,8.025714285714278,262.30414623748214,0,0.5009218117138835,0,9.492911959070781,0,1,0
marksman,script,precision,places,,45,glide-jev-even-v1-2026-10-05T21-16-22-737Z-marksman-s45,120.10,535,0.512396694214876,2016.5875629032612,0,0,16.710841121495367,267.14825479783815,0,0.47916470691073293,0,13.981590905307417,0,0.9548872180451128,0
marksman,script,precision,places,,46,glide-jev-even-v1-2026-10-05T21-16-22-737Z-marksman-s46,120.04,531,0.45161290322580644,2272.687501770461,19.1497324415825,0,21.466101694915253,265.3505192075067,0,0.4272884864208738,0,14.991554757486256,0,1,0
marksman,script,precision,places,,47,glide-jev-even-v1-2026-10-05T21-16-22-737Z-marksman-s47,120.20,534,0.5157894736842106,1745.6409772629067,12.228369835855341,0,11.561423220973788,266.520928630785,0,0.33947027778880634,0,11.978468702507191,0,1,0
marksman,script,precision,places,,48,glide-jev-even-v1-2026-10-05T21-16-22-737Z-marksman-s48,120.10,532,0.38095238095238093,1955.3169290502574,4.270299112393743,0,17.118233082706805,265.70750032672174,0,0.46055952960561514,0,11.986804526017524,0,0.9803921568627451,0
marksman,script,precision,places,,49,glide-jev-even-v1-2026-10-05T21-16-22-737Z-marksman-s49,120.25,532,0.5811965811965812,2132.930491302117,0,0,16.888345864661648,265.34503999293264,0,0.40836774299763107,0,13.466759548513501,0,0.9541284403669725,0
marksman,script,precision,places,,50,glide-jev-even-v1-2026-10-05T21-16-22-737Z-marksman-s50,120.16,532,0.3802083333333333,2527.0840110034724,68.65847382804675,0,19.903383458646605,265.53685946096886,0,0.5392245071054881,0,16.4712713575413,0,0.9824561403508771,0
marksman,script,precision,places,,51,glide-jev-even-v1-2026-10-05T21-16-22-737Z-marksman-s51,120.02,530,0.5193798449612403,2260.9188139082803,0,0,20.146037735849077,264.43190878346365,0,0.4924105272015455,0,12.99665336175814,0,0.9712230215827338,0
random,random,precision,places,,42,glide-jev-even-v1-2026-10-05T21-16-22-737Z-random-s42,120.19,507,0,0,138.94875851180797,0.4990895774292188,12.888560157790955,253.03841575661392,279.280420966612,0.2682206434102878,,0,0,,0
random,random,precision,places,,43,glide-jev-even-v1-2026-10-05T21-16-22-737Z-random-s43,120.10,485,0.046875,100.16519079173125,172.15509842561568,0.9989078607389342,11.175463917525777,242.23515622919152,262.171677417308,0.4056867340399568,0.09345794392523364,0,0,0.35514018691588783,0
random,random,precision,places,,44,glide-jev-even-v1-2026-10-05T21-16-22-737Z-random-s44,120.22,531,0.05263157894736842,84.50987595596628,24.789285493704465,0,20.473258003766492,264.9784341155057,309.4828068310873,0.5725543168605999,0,0,0,0.12359550561797752,0
random,random,precision,places,,45,glide-jev-even-v1-2026-10-05T21-16-22-737Z-random-s45,120.16,485,0,0,143.57422952408106,0.998429968873999,18.687216494845355,242.11926745194475,296.8812191570293,0.6126439379293742,0.11560693641618497,0,0,0,0
random,random,precision,places,,46,glide-jev-even-v1-2026-10-05T21-16-22-737Z-random-s46,120.11,539,0.10810810810810811,132.79337395385025,0,0,21.639517625231907,269.2316657730808,284.93681861273797,0.7342627598457485,0,0.49950216284430576,0,0.3741496598639456,0
random,random,precision,places,,47,glide-jev-even-v1-2026-10-05T21-16-22-737Z-random-s47,120.02,509,0,0,111.93009648894773,0.49976302903037667,14.037131630648327,253.87961874743135,332.2596973923487,0.3235957398752364,0.35294117647058826,0,0,0,0
random,random,precision,places,,48,glide-jev-even-v1-2026-10-05T21-16-22-737Z-random-s48,120.09,467,0.012987012987012988,16.062564897675085,228.29469083911627,1.4988396483056068,23.085867237687346,233.31937191957275,290.72678463661424,0.565359215910133,0.11594202898550725,0,0,0,0
random,random,precision,places,,49,glide-jev-even-v1-2026-10-05T21-16-22-737Z-random-s49,120.23,514,0.07317073170731707,81.29339502292792,86.82341548218582,0.4989995059904679,12.520233463035028,256.48574607910047,291.81922608408104,0.565272857606558,0.03424657534246575,0.4989995059904679,0,0.21232876712328766,0
random,random,precision,places,,50,glide-jev-even-v1-2026-10-05T21-16-22-737Z-random-s50,120.12,491,0.03773584905660377,25.24666062344914,178.3773489004284,0.998878758593438,13.609775967413443,245.22473523468904,323.8837092182956,0.34738453242401873,0.75,0,0,0,0
random,random,precision,places,,51,glide-jev-even-v1-2026-10-05T21-16-22-737Z-random-s51,120.05,496,0,0,223.95840768610836,0.9995710174383211,12.482661290322604,247.89361232470367,280.64736877164984,0.44333200712881404,0.09090909090909091,0,0,0,0
